Level,Completions,Unique_Players,Avg_Time,Completion_Rate
1,53,52,28.85075471698113,100.0
2,51,50,30.960588235294118,96.22641509433963
3,29,28,33.55137931034483,54.71698113207547
