Level,Completions,Unique_Players,Avg_Time,Completion_Rate
1,61,60,28.918524590163933,100.0
2,58,57,30.934137931034485,95.08196721311475
3,33,32,34.117272727272734,54.09836065573771
