Level,Completions,Unique_Players,Avg_Time,Completion_Rate
1,60,59,28.227833333333333,100.0
2,57,56,30.9980701754386,95.0
3,33,32,34.117272727272734,55.00000000000001
