Level,Completions,Unique_Players,Avg_Time,Completion_Rate
1,52,51,28.97807692307692,100.0
2,50,49,31.0394,96.15384615384616
3,28,27,33.60178571428572,53.84615384615385
